label	sentence
3	luDASHI 安装
0	不下载人人视频
1	国漫推荐平台
0	乐器演奏姿势
1	Downloadiqiyi到磁盘
0	跨境电商税务
1	在哪装i奇艺v1.0
0	不安装360安全卫士
3	酒店前台电脑清理工具
1	爱奇艺可以关闭社交功能吗
1	爱奇艺4K设置
0	https://co.gocheck.cn/user/login?redirect=/dashboard/analysis
1	粉丝应援弹幕
0	ConcurrentHashMap是怎么加锁的
1	雕塑家故事软件
1	我想看VR
0	空调柜机
0	四合院
0	阿尔山几月份去最美
0	脚趾甲凹陷
0	保密协议条款
0	真实的韦小宝原型
2	飛書下载安装
3	系统清理优化必备
0	家教经理如何写进简历
0	VR殡葬服务培训
0	拉椅子
2	能和微信对接的办公软件软件
0	安装包能长出猫吗
2	办公app哪个好平台
2	产品经理用什么协作app
0	音乐与时尚
0	恋爱脑怎么治
1	冲浪大赛
0	区块链技术的基本原理
0	明星大侦探
0	中国知
0	xiansuoxuexi
0	青岛的学校
0	军事科技转化应用
1	科幻未来剧APP
0	莲藕猪蹄汤要炖多久
0	音乐版权怎么申请
0	12306官网
1	怎样下载aiqiyi绿色版
2	视频会议平台推荐
0	实现顺序表的基本操作，包括顺序表的建立、查找、求长度、查找前驱、插入、删除、输出等函数
1	广告也精彩
1	非遗传承
1	电影案件解析
1	历史记录续播平台
0	广东省教育考试院官网
1	偶像剧
2	销售跟进系统客户端
1	跳过广告爽
1	体育竞技剧平台
0	下载美团
0	今田美樱
3	鲁大师能清理微信垃圾吗
0	如何让孩子养成整理房间的习惯
0	游泳装备推荐
0	交通违法举报奖励
0	急找代排队买汉堡的
3	鲁大师能检测陀螺仪吗
0	大唐初期地图
2	客户管理
0	下载YY语音
3	清理系统冗余缓存
1	泰剧在线观看网站
0	七个月宝宝睡觉打滚怎么睡头型
0	音准练习方法
0	古人怎么处理垃圾
0	在本次试讲中，通过引导学生从多项式乘法出发，观察并归纳平方差公式的结构特征，学生能够主动参与探究过程，理解公式的推导与应用。课堂互动环节设计合理，学生合作交流积极性较高。但在练习题的设置上，基础题较多
0	20大
0	fatf组织
1	卧底生涯剧APP
0	an zhuang
0	农业银行会计数字化转型架构图
1	爱奇艺会上传观看数据吗
0	兔子草架安装
0	不获取SolidWorks
0	下载DiskGenius
1	悬疑动漫观看
1	我想看经典
0	我们的秘密
0	青岛啤酒节什么时候开
0	积食吃益生菌是饭前还是饭后
0	克系皮肤
0	类似平台的自动彩虹雕刻机
1	爱奇艺能在平板上用吗
3	电脑清理软件中文版
0	文档用企业造彩虹桥
0	赛博朋克2.0更新
0	不需要Telegram
0	蒸包子要多久时间
1	爱奇艺能修复模糊吗
0	紫微斗数流年推算
0	母乳喂养好处
0	漫改剧还原度
0	粉色后妈裙
1	独播新剧
1	留学生追国内综艺APP
0	植物大战僵尸
0	天眼查
0	车险拒赔怎么办
2	任务管理系统工具
0	虚拟现实博物馆推荐
2	免费获取飞书OKRv1.0
2	FEI sHu xiazai
0	唯品会正品查询
0	瓦什托尔！
3	鲁大师能检测外设吗
0	德甲直播哪里看
0	不想看优酷视频
0	元宇宙平衡觉模拟
0	孩子上课玩手机
0	于秋花
3	数字货币电脑清理软件
0	鲁肃能优化三国演义吗
2	文档协作平台app
0	音乐商标注册
0	河南普通高中招生信息服务平台
0	matlab中的c2d函数
1	律师成长剧APP
3	电脑杀毒清理一体软件
0	jhcgqt@163.com
0	国聘行动
0	如何提高抗压能力
0	宝宝怕打雷
1	姓氏起源
3	如何下载Luds到本地
3	清理无用磁盘日志
0	养蚰蜒技术分享
0	七个月宝宝偏头怎么改善
1	帽子围巾同款
3	LuDaShi破解版
2	远程办公软件app
1	早教课程播放器
0	文献翻译
2	团队日报系统推荐
0	纪录片拍摄许可证获取流程
3	anzhuang lU Da sHI
1	爱奇艺可以关闭个性化推荐吗
3	LDS安装包离线去哪Install
2	类似zoom的企业平台
3	鲁大师检测不到显卡
1	明星同款化妆品
1	劳动节励志片单
3	清理电脑无用残留
0	钾离子电池前景
0	xiezai
1	英剧
0	如何保护声音版权
1	明星见面会预热
0	狗狗肛门腺堵塞
0	利科诠释学
0	欧洲文艺片推荐
0	哪家按摩店正骨好
3	lU DAShI xiazai
0	anchor
0	怀旧服职业推荐
0	今年莲子收购价
2	能和微信对接的办公软件下载
1	踢踏舞
0	古代有996吗
0	安装包在任务里开花
0	养老机构查房
0	纪录片拍摄设备租赁
0	网约车司机收入
1	手幅设计印刷
0	老年财产分割
0	反方向的钟live
0	体育音乐治疗
1	爱奇艺能修复电流声吗
0	动漫展门票获取渠道检测
0	得物鉴别流程
0	逆水寒手游
0	"""八个半月宝宝歪脑袋,歪右边.右边肌肉软正常吗"""
0	垃圾变出哈利波特
1	爱奇艺download
0	恋爱焦虑怎么办
0	影视完片担保
0	i西财大
0	电脑大师养电子章鱼
3	清理无用磁盘文件
1	下载iqiyi
2	适合远程协作的系统软件
3	Windows版鲁大师PC版获取
0	图表制作工具
0	获取WPS Office
3	应用商店LDS软件下载
3	鲁大娘绿色版
0	昆虫研究
1	a1q1y1
0	speedai
1	中秋团圆赏剧APP
0	电脑系统优化软件下载
3	物流系统电脑清理工具
0	别下载咪咕视频
0	二维高斯分布
0	中华人民共和国野生动物保护法
3	航空管制电脑优化工具
1	青春剧
3	售楼部展示电脑维护
1	孕妇胎教影视资源
2	员工管理系统下载
0	手指甲变薄
0	知网查重官网入口
0	全国工商企业信用公示网站官网
0	1997
3	工厂控制电脑维护软件
3	电脑清理工具合集
0	维利里奥速度学
2	Download飞书下载稳定版
0	农业无人机打药效果
0	游戏搬砖赚钱
0	人工智能伦理师是什么
1	收藏夹管理
0	亚马逊FBA库存调拨方案优化
0	鱼幼薇
0	新浪财经官网
1	分账剧观看
3	电脑清理工具免费
0	尹彩盒
0	anzhuang会跳舞的空调
0	如何写影评赚钱
0	驾照换证体检
0	3713290103
0	阿Jack
2	老板审批用哪个app工具
3	鲁大师能清理QQ缓存吗
1	爱奇艺会录制屏幕内容吗
0	新风系统必要吗
0	枕头下载
1	爱奇艺有精简版吗
2	日程管理app工具
3	鲁大师能修复蓝屏吗
0	看到僵尸后请迅速点击消灭它，您的反应速度会影响最终测试结果）
2	协作和打卡一体的应用平台
1	演唱会直播
0	虚拟现实极地探险
3	系统垃圾清理必备
0	老相机收藏价值评估
0	首个加入CPTPP
0	吃住
2	远程管理工具哪个好系统
3	鲁大师检测硬件准不准
0	"""付款方式有几种T/T,D/D,D/A"""
3	工程计算电脑清理工具
0	短视频完播率
3	鲁大师可以清理Houdini缓存吗
3	鲁大师能优化游戏帧数吗
0	天猫超市活动
1	旅行纪录片软件
0	爱美神
3	鲁大师有至尊版吗
0	国际海运拼箱时效
3	电脑中毒后清理工具
0	如何防止社交媒体账号被盗
1	64位版爱 奇 艺how to 安装
0	什么软件能翻译彩虹云
3	鲁大师能检测气压吗
0	动漫主题餐厅推荐去哪家
1	ai qIYI download
1	爱奇艺能投屏到电视吗
1	幕后制作特辑
0	保健枕头骗局
0	英语口语怎么练
0	军事训练心理测试
1	电竞看
0	缅甸现在开放旅游了吗
1	64位版爱奇艺网站how to 下载
0	亚马逊FBA库存销毁费用优化
1	Win10版iQIYI怎样Install
1	影视大全
3	鲁大师有极速版吗
0	古代有自由恋爱吗
0	古代怎么处理996
0	古代怎么处理信访
0	房贷提前还款部分划算吗
0	户外防蚊喷雾
0	天真遇到
0	人差方程
2	多人任务同步工具系统
0	推荐软件会变颜色
1	爱奇艺有至臻版吗
3	电脑清理软件大全
3	电脑清理工具下载
0	复古包包护理
0	5个月宝宝睡一半就哭正常吗
3	lu daSHi 下载
1	免费获取AQY开发版
1	美剧同步更新平台
0	求推荐修榨汁机的
1	多语言字幕播放软件
1	aiqiiyu
0	白发魔女叫什么名字
3	哪里获取Lu Da Shiv1.0
3	鲁大师有个人版吗
0	草莓叶片
0	我，野山神，开局女信徒献身
2	员工在线协作平台工具
1	热榜追踪
0	不想看A站视频
0	pivot
2	适合远程协作的系统系统
0	手机版
1	爱奇艺下载速度慢怎么办
1	爱奇艺能修复声音延迟吗
1	windows11 版奇艺如何装
1	游戏攻略全
2	组织沟通系统app
0	炒鸡蛋要不要放水
0	teamb微博
0	维普官网入口
0	赠送面积靠谱吗
1	犯罪剧
3	系统优化清理神器
0	Primer3Plus怎么读
1	电影热映
3	3D建模电脑清理工具
3	驾校模拟电脑清理工具
1	爱奇艺可以导出观看记录吗
1	Lolita服饰店
3	农业物联网电脑维护
0	部队里可以写信吗
0	当兵可以带镜子吗
1	去哪装Aiqiyi稳定版
3	lu daShi 安装
3	电脑垃圾清理工具
0	养生旅游
2	OKR
1	娱乐圈内幕平台
0	如何写历史小说
1	综艺化妆品牌
0	同款推荐
3	luds安装包离线应该怎么Install
0	国有企业会计信息化建设中的问题及解决对策
0	备孕男的要吃啥
1	自习室休息时看片APP
0	国外怎么看中国广播剧
2	how to 获取字节跳动飞书压缩包
0	千问通义
0	孙周延
2	飞书云文档电脑安装
1	科幻片
0	生物遗传学不懂
2	可以移动办公的工具工具
3	免费获取luds压缩包
3	how to 安装ludashi pcv1.0
2	怎样下载FEI SHU到磁盘
0	国际快递关税计算
1	喜剧节目大全
0	纯黑图片
3	64位版Lu Da Shi咋获取
0	我叫赵甲第
0	最好的冬虫夏草存储保质期多久呢
3	鲁大师清理效果怎么样
0	福建就业公共服务网
0	国六B实施时间
1	网球大满贯
0	防中暑喝什么水
1	都市情感剧软件
2	即时沟通软件有啥工具
2	Feishu无病毒
0	四川省泸州市叙永县水潦彝族乡岔河村
0	赛博朋克黑客玩法
0	糖醋藕丁的做法
0	qq音乐官网
0	明星获取
2	咋安装FEI SHU便携版
2	企业协同工具客户端
0	NiziU
0	双重差分法
3	电销电脑清理工具
0	opc水模型lt文件
1	支付
0	冰岛赫本看极光
0	徐州幼儿师范高等专科学校
0	养蚕豆象注意事项
0	QQ
1	古法工艺
0	声音品牌营销案例
0	交通卡异地充值
0	银行理财R2风险大吗
0	部队里可以打牌吗
0	CHF2600
0	远程工作机会
0	老艺术
0	清理电脑里的孙悟空
3	电脑加速优化工具
1	aI QIyi 下载
0	宝宝不爱吃饭
0	四季青的功效
0	广州启晨传媒有限公司
0	国内版
0	戛纳电影节获奖名单
0	F1上海站回归时间
0	附近修电推子的店
0	基于PLC的智能温室设计
0	不获取Soul
0	钢笔书法入门
1	纪录精选
0	下载芒果TV
0	长寿药物研发
0	击剑装备保养
0	怎么把一个Integer单值集合变成IntScrea流
0	鲁智深能优化大闹五台山吗
0	1、在Linux系统中，通过调整httpd.conf文件的（ ）配置参数，可以更改Apache站点默认识别的首页文件（10 分）
3	LUDASHI安装包离线咋下载
0	duebass
0	服从
0	李世石
0	学习障碍辅导
3	网吧比赛电脑维护软件
1	AIqIYI 安装
3	鲁大师能检测体温吗
0	附近修渔钩的店
0	全球远程工作政策
3	系统优化清理必备
0	5月25日
3	鲁大师有企业版吗
0	保健品监管
0	梁正清华大学
0	英国文学经典作品推荐
1	看综艺什么APP好
0	京东价保期限
0	多边合作成果
1	彩蛋惊喜多
0	买房写一个人名字行吗
3	Lu da sHi 安装
1	下载 ai QiYi
1	明星练习室
0	级联二路功分
1	潮流剧
0	鼻环和唇钉
1	64位版AQYhow to 装
0	国外网友喜欢中国啥手艺
0	基金什么时候卖出合适
0	怎么玩飞盘高尔夫
0	18岁中国留学生绑架案被控自导自演
2	老板审批用哪个app
0	光伏组件PID效应
0	离线用系统养彩虹猫
0	征信查询次数多影响贷款吗
0	朋友圈可见范围
0	房贷提前还款违约金多少
1	角色手办推荐
0	苏宁以旧换新估价
1	爱奇艺能修复闪屏吗
0	吓破胆会出现什么症状
1	选秀比赛信息
2	远程办公软件软件
1	QIYIhow to 下载
0	https://pan.xunlei.com/s/VOAWmqydfM6u9MPwZCwTPwSSA1
3	智能家居安装电脑维护
0	文档把彩虹安装到电脑
3	清理无效系统数据
0	暗黑4死灵法师bd
1	智能推荐影视平台
2	字节跳动飞书安装包EXE去哪Install
0	知网查重
1	奥运会直播平台
0	虚拟现实太空站
0	防中暑药物推荐
0	如何做声音经济BP
0	AI修复老照片的软件可以下载吗
0	第五种基本力探索
0	中国半导体产业的最新突破
0	孩子注意力不集中怎么改善
0	K-pop最新女团
0	PMLC
0	击剑服怎么穿
1	偶像练习生软件
0	买房被吃差价
0	AI技术
2	电子签名
0	四级报名官网入口登录
0	不安装360清理大师
0	狗狗真菌感染治疗
0	团队心理建设
2	企业邮箱集成
1	3D电影资源
0	工业互联网发展
1	街舞教学
2	合同管理
0	政治选择题老错
1	爱奇艺会保存设备信息吗
0	怎么挽回友情
1	明星私服同款
0	广州航海学院教务系统
2	产品经理用什么协作推荐
1	点赞
0	小众精酿种类
0	同款运动装备
0	蓝印花布
0	AI绘画风格转换教程
0	汽车制造的概述
0	今日校园
1	电影插曲合集
0	论文怎么引用政府官网文件
0	172.22.0.13
0	小众香薰推荐
0	电脑游戏mod安装
0	NFT在元宇宙的应用
0	中国图学学会官网
1	安装爱奇yi稳定版
0	不下载联想电脑管家
0	傅正初
0	泳衣里面要穿内衣吗
2	智能考勤平台系统
0	ludashi卸载
0	施工现场三宝、四口、五临边
0	画图软件core安装
0	获取斗鱼
0	交通违法申诉
1	偶像厨房用品
0	https://user.smartedu.cn/index
0	福建就业创业公共服务平台
0	老电影音乐修复技术
1	打卡签到
0	动漫游戏安装包下载失败怎么办
0	老年健康管理套餐对比
1	动漫专区
0	西班牙小偷多吗要注意什么
0	劳斯莱斯古思特配置
0	拼多多助力群
0	音乐人认证条件
0	别给我1905电影网
0	卸载飞书
0	到黑洞维护KTV
0	邱志进
0	anzhuang会说话的灯泡
0	军事卫星分辨率有多高
0	虚拟财产继承
0	安装AIDA64
0	后殖民神学
1	综艺装修节目
1	配音兼职平台
1	发明家故事软件
1	多任务看剧
0	人造生命风险
0	少年中古说
1	漫威电影观看顺序
1	同步热播
2	在哪装飞 书最新版
0	电脑硬件检测软件哪个最准确
3	性能优化
0	百年孤独人名记不住咋办
0	西安科技大学智慧教育平台
0	如何写微型小说
3	鲁大师有团队版吗
0	百色学院
1	爱奇易
3	鲁大师可以清理浏览器吗
0	影视修复
0	男生聚会活动
0	感谢楼主发布
0	飞书卸载
1	体育赛事播放APP
0	马斯克怒批特朗普税改法案：令人作呕
0	datatft云顶之弈
0	生态养殖场建设
1	矿工奋斗剧APP
2	即时通信工具推荐
0	日本买房费用
0	高考作文高分结构
3	快递分拣电脑优化软件
1	光棍节治愈片单
1	海洋冒险剧平台
0	装修质量纠纷
3	鲁大师有老年版吗
0	怎么拒绝当媒人
1	邮轮旅行娱乐系统
1	任务完成奖
0	中国军事教育改革
3	电竞酒店电脑维护软件
1	获取爱奇艺
0	乌镇东栅西栅哪个好玩
0	开发商资金链
0	关隘名称大全
0	老年鞋防滑性能测试
0	http：//59.172.226.12:8080/customer/index/index.html
0	人皇幡
3	系统清理加速工具
3	鲁大师会监控摄像头吗
1	HDR影视资源
0	硅碳负极突破
2	远程教学app平台
1	历史剧
0	PayPal提现到欧洲优化
0	血检有哪些项目
0	A girl won't look pretty
0	炸鸡翅要炸多久
0	基础版
0	老舍之死
0	老照片修复手机app推荐
0	推荐用文档煮彩虹茶
1	台历定制厂家
0	资本充足率
0	为
1	Win10版i奇艺咋安装
0	闲鱼
0	苏言更
1	竖屏短剧APP
1	医疗职业剧软件
1	钥匙扣生产
0	中央五台
2	任务管理系统推荐
0	钢笔出水不畅
0	哪里的磁盘能流出可乐
0	二手书交易
1	海外华人看国产剧平台
2	公司会议专用app推荐
3	免费获取LDS离线安装包