label,text
0,正常怀孕是多少周
0,如何成为配音演员
1,哪里装爱QY4.6
2,免费获取飞书下载最新版
1,爱奇艺安装包离线在哪安装
0,防台风玻璃防护膜
1,i奇艺安装包离线去哪获取
3,鲁大师工具安装包EXE怎样安装
3,LDS安装包EXE怎样Install
2,how to 下载FEI SHU绿色版
1,windows11 版AIQIYI下载
0,猫抓板DIY制作
0,聊
3,Win10版鲁大师 在哪安装
0,伤口消毒用什么
0,大溪地现在能去吗
0,众阳云健康电脑版怎么下载
1,PC版Iqiyi在哪下载
0,国外怎么看中国网络艺术
0,亓
0,贫嘴张大民
0,每天拉1-2次，但是便便很稀跟水一样是怎么回事
1,爱奇艺会员how to 下载
0,最新型防化装备
2,fei shu稳定版
0,老旧小区改造
2,飞书下载安装包EXE怎样Download
0,虚拟现实在医疗培训中的应用
3,免费获取硬件检测官方版
1,电脑版 爱奇艺去哪获取
0,笛子吹奏技巧
1,如何获取爱 奇 艺到硬盘
0,AI全能写作助手
0,婴儿驱蚊液推荐
2,64位版飞书海外版怎样Download
0,钢笔笔尖调整
3,鲁大师 安装包离线怎样Download
1,IQiyi安装包EXE怎样装
0,读者
3,LUDS安装包离线怎样Install
1,应该怎么安装Aiqiyi到本地
0,表格网站
1,应该怎么Install 爱奇艺无病毒
0,陷入我们的热恋
0,中美关系最新动态
1,奇艺安装包离线怎样Install
3,在哪InstallLUDASHI稳定版
0,鲁迅为啥要弃医从文
1,免费获取IQIYI破解版
3,64位版LDS在哪下载
3,PC版跑分软件获取
0,汽车周边产品
0,凉拌西葫芦要焯水吗
0,暴雨行车应急工具
2,Windows版fS应该怎么装
0,NFT音乐版权革命
0,音乐家传记
1,64位版ai qi yihow to 装
2,飞书协作安装包EXE应该怎么装
1,应该怎么装IQiyi到硬盘
2,飞书日历安装包离线应该怎么安装
3,win11 版LU大师how to Install
0,1688厂家直销
0,国家大学生就业服务平台
1,爱奇艺app安装包离线在哪Download
3,电脑大师安装包EXE咋Install
2,怎样下载飞书助手4.6
0,明日之子5赛制
3,Windows版鲁大师测试怎样Install
0,定制公交上座率
0,罗马帝国版图
1,去哪下载爱奇艺绿色版
0,地震时关电闸顺序
0,怎么回应攀比
0,作文结尾怎么写
0,Z知网
0,青海晨菲制药有限公司
0,路遥人生值得看吗
3,咋装LU DA SHI到磁盘
3,how to Install鲁大师手机版压缩包
1,咋下载爱qy压缩包
0,NBA转会消息
0,开始推理吧第三季
3,下载跑分软件到磁盘
0,潜水装备清单
2,免费获取飞书下载开发版
3,Win10版LU大师如何安装
0,https://210.76.83.199/com/EasyConnectInstaller.exe
0,长江雨课堂
3,电脑版LuDaShihow to 装
1,咋下载iQIYI无病毒
0,NFT数字身份认证
0,婆媳矛盾心理
3,电脑版鲁大师PC版获取
2,LARK会议
2,怎样获取飞书文档到磁盘
3,怎样Download鲁大师工具到硬盘
3,哪里装鲁大师 到硬盘
1,QIYI安装包离线安装
2,免费获取飞书bot无病毒
2,windows11 版飞书助手应该怎么下载
3,怎样DownloadLUDS绿色版
0,房屋抵押贷款条件
0,婴儿睡袋有必要吗
1,爱奇yi安装包EXE哪里下载
0,一线女性私生子
0,四维彩超要做吗
0,无畏契约官网
0,古代怎么抓通缉犯
3,应该怎么获取电脑大师官方版
2,免费获取FS官方版
0,中国人事考试网
3,应该怎么安装 鲁大师到磁盘
3,how to 获取鲁大师工具最新版
1,how to 下载奇艺便携版
0,信用卡还不上怎么办
0,小学数学统计与概率ppt
3,鲁大师测试绿色版
3,64位版 鲁大师如何Install
1,i奇艺安装包离线下载
1,Win10版爱奇艺 应该怎么安装
0,宋亚轩漫不经心舞热搜
0,微带T型功分器的功率分配本质上基于传输线的行波理论
0,美国垃圾处理费
0,如何编写高质量的单元测试
0,冯媛媛
2,Win10版字节飞书哪里Install
0,生物柴油原料争议
0,bd rom驱动器是什么
1,ai qi yi
0,微信聊天记录
0,向
2,64位版飞书在哪装
1,在哪Installqiyiv1.0
0,二次抵押贷款条件
0,supersonic
1,免费获取Aqy官方版
1,免费获取爱QY4.6
1,AIQIYI安装包离线在哪Install
0,手链和手表能一起戴吗
1,爱奇艺网站如何下载
3,哪里下载鲁大师离线安装包
0,短视频拍摄
0,土地确权纠纷
0,同事生病探望
1,哪里Downloadai qi yi稳定版
0,猫咪应激反应处理
0,如何设计一个高效的数据库
3,怎样Install鲁大师到硬盘
0,古代有年终奖吗
0,得物预售时间
3,64位版 鲁大师哪里下载
0,期房烂尾怎么办
1,如何Install爱奇艺 开发版
0,公历和农历对照表
3,在哪下载luds破解版
3,在哪DownloadLu Da Shi绿色版
1,在哪下载Aiqiyi4.6
1,爱奇艺会员安装包离线应该怎么下载
2,应该怎么获取飞书 到本地
0,提前退租违约金
1,Install爱奇艺VIP到本地
2,飞书招聘how to 下载
3,电脑版 鲁大师如何获取
3,LUDASHI PC软件
0,肥雪
0,AI教育工具推荐
2,怎样Installfs到本地
0,如何利用科技工具管理时间
0,京东学生专享
0,麻婆豆腐要放多少花椒
0,车展门票怎么买
2,FS极速版下载教程
1,爱QY Download
3,在哪获取鲁大师PC版到磁盘
2,Windows版飞书深诺怎样安装
3,哪里安装 鲁大师官方版
0,敝帚
2,windows11 版飞书办公Download
0,怎么拒绝相亲
1,Windows版爱奇YI咋安装
0,371329
0,系外行星探测
0,棉花糖
3,在哪获取Lds到磁盘
0,皮花名
3,应该怎么Download鲁大师评测到硬盘
3,鲁大师工具安装包离线如何安装
0,农业云计算平台
1,去哪Install 爱奇艺到磁盘
0,古代怎么抓通缉犯
0,980年前的北京
2,Windows版飞书下载how to Install
2,PC版飞书 怎样获取
0,武夷山竹筏漂流要提前买票吗
0,如何选择适合自己的网课
0,信用卡逾期记录
0,中国影视剧怎么走出国门
0,余额宝收益计算
0,REITs怎么投资
0,老人总说眼花
0,国际空运电池运输优化
3,去哪装鲁大师软件到磁盘
3,windows11 版LDS哪里Install
2,去哪安装飞书文档纯净版
0,《风从哪里来》
2,咋Download飞书app到本地
0,宗教场所建设
0,冬季充电注意事项
0,宠物摄影角度
3,鲁大师PC版下载
0,苏宁延保划算吗
0,讯飞控制台
1,奇艺视频压缩包
3,LU大师安装包EXE咋获取
3,鲁大师工具安装包EXE怎样Download
0,韩出口民调显示李在明将赢得大选
0,如何打造高效办公环境
3,Windows版LUDASHI PC应该怎么下载
1,PC版qiyi咋获取
2,how to 安装fei shu到磁盘
1,哪里装 爱奇艺4.6
0,大额存单转让流程
0,如何理解魔幻现实主义
0,家庭能耗监测仪
0,宠物克隆流程
0,制造业转型升级
0,张明敏合集
3,win11 版lu大师how to Download
0,汽车年检新规2024
0,全国党员管理信息系统
0,临时牌照延期
0,折腰周六更新几集
0,职业转型咨询
0,iPhone如何将照片
0,NFC标签
1,Win10版 爱奇艺获取
0,妈祖电视剧
1,在哪Install愛奇藝4.6
3,win11 版Lu Da Shi咋装
1,64位版IQIYI哪里Install
0,股骨骨折英文
0,狗狗关节保健品
2,Fs咋下载
0,古文观止要全背吗
2,哪里InstallFEI SHU到磁盘
3,win11 版LUDS在哪安装
2,how to 获取字节跳动飞书压缩包
2,应该怎么安装lark到磁盘
1,安装爱奇艺视频到磁盘
0,轩辕杯
0,银行存钱被忽悠买保险了
0,婴儿理发器推荐
0,别来无恙txt
2,飞书云文档下载
0,艾德拉斯
2,应该怎么下载飞书日历最新版
1,哪里Installiqiyi便携版
0,如何写现实主义小说
2,咋Download飞书招聘破解版
0,30岁转行来得及吗
0,一运动就累
3,如何Installlu大师绿色版
3,跑分软件开发版
0,乌克兰大桥
2,fS官方版
2,win11 版飞书下载哪里Download
1,哪里装爱 奇 艺到本地
0,国际空运危险品申报优化
3,咋Installludashi最新版
0,鹦鹉学舌录音技巧
3,how to Install硬件检测官方版
0,焚烧秸秆拘留案例
2,去哪下载LARK到本地
3,鲁大师绿色版
2,免费获取飛書离线安装包
0,暴雨电器插座
2,电脑版飞书日历怎样安装
0,卢春阳
3,去哪InstallLU大师到磁盘
0,活着
0,H&M质量怎么样
0,代位继承规定
0,暗区
1,电脑版IQiyihow to 装
0,中国区际技术转移
0,AI客服对人工的影响
0,医美项目价格
2,飛書安装包离线去哪Install
1,DownloadIQIYI稳定版
2,feishu稳定版
0,自制葡萄糖补水液
2,Feishu安装包EXE咋Download
0,跨国交友注意
0,夸克
3,去哪DownloadLDS到硬盘
0,直播间买到假货
0,香港回归后股票一度上涨的厉害
0,大棚甜瓜种植要点
0,德勤《数据资产全球视角》